[{"tagName":"script","voidTag":false,"meta":{"plugin":"html-webpack-plugin"},"attributes":{"defer":true,"src":"cordova.js"}},{"tagName":"script","voidTag":false,"meta":{"plugin":"html-webpack-plugin"},"attributes":{"defer":true,"src":"js/chunk-vendors-legacy.afb5ca42.js"}},{"tagName":"script","voidTag":false,"meta":{"plugin":"html-webpack-plugin"},"attributes":{"defer":true,"src":"js/app-legacy.cdb8a1ff.js"}},{"tagName":"link","voidTag":true,"meta":{"plugin":"html-webpack-plugin"},"attributes":{"href":"css/chunk-vendors.c96fa079.css","rel":"stylesheet"}},{"tagName":"link","voidTag":true,"attributes":{"rel":"icon","type":"image/svg+xml","href":"img/icons/favicon.svg"}},{"tagName":"link","voidTag":true,"attributes":{"rel":"icon","type":"image/png","sizes":"32x32","href":"img/icons/favicon-32x32.png"}},{"tagName":"link","voidTag":true,"attributes":{"rel":"icon","type":"image/png","sizes":"16x16","href":"img/icons/favicon-16x16.png"}},{"tagName":"link","voidTag":true,"attributes":{"rel":"manifest","href":"manifest.json"}},{"tagName":"meta","voidTag":true,"attributes":{"name":"theme-color","content":"#4DBA87"}},{"tagName":"meta","voidTag":true,"attributes":{"name":"apple-mobile-web-app-capable","content":"no"}},{"tagName":"meta","voidTag":true,"attributes":{"name":"apple-mobile-web-app-status-bar-style","content":"default"}},{"tagName":"meta","voidTag":true,"attributes":{"name":"apple-mobile-web-app-title","content":"ex15"}},{"tagName":"link","voidTag":true,"attributes":{"rel":"apple-touch-icon","href":"img/icons/apple-touch-icon-152x152.png"}},{"tagName":"link","voidTag":true,"attributes":{"rel":"mask-icon","href":"img/icons/safari-pinned-tab.svg","color":"#4DBA87"}},{"tagName":"meta","voidTag":true,"attributes":{"name":"msapplication-TileImage","content":"img/icons/msapplication-icon-144x144.png"}},{"tagName":"meta","voidTag":true,"attributes":{"name":"msapplication-TileColor","content":"#000000"}}]